Workbook

Sheet random-100-numbers-original
A1: 0.47746674
A2: 0.41218608
A3: 0.29974572
A4: 0.56101433
A5: 0.55340088
A6: 0.1217377
A7: 0.2359184
A8: 0.25599624
A9: 0.21561806
A10: 0.77769711
A11: 0.072201154
A12: 0.35658824
... A100: 0.21797932

Sheet random-100-numbers-transformed
A1: =-3*LN(1-'random-100-numbers-original'!A1) -> 1.9471999
A2: =-3*LN(1-'random-100-numbers-original'!A2) -> 1.5940345
A3: =-3*LN(1-'random-100-numbers-original'!A3) -> 1.0689353
A4: =-3*LN(1-'random-100-numbers-original'!A4) -> 2.4698655
A5: =-3*LN(1-'random-100-numbers-original'!A5) -> 2.4182817
A6: =-3*LN(1-'random-100-numbers-original'!A6) -> 0.38942996
A7: =-3*LN(1-'random-100-numbers-original'!A7) -> 0.80724206
A8: =-3*LN(1-'random-100-numbers-original'!A8) -> 0.88712759
A9: =-3*LN(1-'random-100-numbers-original'!A9) -> 0.72857762
A10: =-3*LN(1-'random-100-numbers-original'!A10) -> 4.5111434
A11: =-3*LN(1-'random-100-numbers-original'!A11) -> 0.22482099
A12: =-3*LN(1-'random-100-numbers-original'!A12) -> 1.3229112
... A100: =-3*LN(1-'random-100-numbers-original'!A100) -> 0.7376223

Sheet random-200-numbers-original
A1: 0.51850546
A2: 0.83863177
A3: 0.43946524
A4: 0.94662429
A5: 0.71078445
A6: 0.28922836
A7: 0.69120558
A8: 0.71000494
A9: 0.017072166
A10: 0.7042275
A11: 0.83540522
A12: 0.13416294
... A200: 0.99463433

Sheet random-200-numbers-transformed
A1: =-3*LN(1-'random-200-numbers-original'!A1) -> 2.1925812
A2: =-3*LN(1-'random-200-numbers-original'!A2) -> 5.4721991
A3: =-3*LN(1-'random-200-numbers-original'!A3) -> 1.7365921
A4: =-3*LN(1-'random-200-numbers-original'!A4) -> 8.7911987
A5: =-3*LN(1-'random-200-numbers-original'!A5) -> 3.7217491
A6: =-3*LN(1-'random-200-numbers-original'!A6) -> 1.0242122
A7: =-3*LN(1-'random-200-numbers-original'!A7) -> 3.5252386
A8: =-3*LN(1-'random-200-numbers-original'!A8) -> 3.7136742
A9: =-3*LN(1-'random-200-numbers-original'!A9) -> 0.051658726
A10: =-3*LN(1-'random-200-numbers-original'!A10) -> 3.6544941
A11: =-3*LN(1-'random-200-numbers-original'!A11) -> 5.4128061
A12: =-3*LN(1-'random-200-numbers-original'!A12) -> 0.43217563
... A200: =-3*LN(1-'random-200-numbers-original'!A200) -> 15.683202
